model,method,faithfulness_corr,max_sens,mprt
resnet18,gradcam++,-0.0941323224558598,0.9601370344559352,0.0174836898175052
resnet18,gradcam,-0.0225190288749419,0.9604396087427934,0.0207275329255527
resnet18,ig,0.0386559849656704,0.9659105187488928,-0.0491306639486969
resnet18,lime,-0.0080850261470509,0.960059528135591,
resnet34,gradcam++,0.0102265573934548,0.9859040801723798,-0.0354771139771876
resnet34,gradcam,-0.0405343933574234,0.98624322273665,-0.0072314639052843
resnet34,ig,0.0047596793802868,0.987432794438468,-0.0686201696868063
resnet34,lime,0.0089504516605908,0.985303670167923,
